mass_kg,velocity_kms,angle_deg,density,crater_diameter_m
7.290339069912763e+16,5.5786191875,76.3661464744646,3000,96356.616455113
143787481052662.75,3.446029003,31.478704003566737,7800,17841.18648954304
646766813566828.5,7.095973685,41.3770699459676,3000,29331.32294254887
1.0086049043085537e+18,6.3038664111,48.343367614532305,7800,248844.58476574768
1576254984329.2678,10.7701740589,51.56002411387782,1000,5890.903121967873
39239284123866.2,27.0080561011,79.09124714858463,7800,44558.49926977277
214164620314109.22,11.3576547268,52.9354845426951,3000,29972.76775365803
28683125483720.05,11.7628115427,34.21594575471265,1000,11385.45280341147
882320709372802.5,6.5498704866,43.921441336713826,1000,21458.67238941448
878458148303893.0,16.1350821461,59.831634055885836,7800,71802.53430031556
73066966218909.42,11.6407136972,73.41186586989457,7800,33896.87959576041
172076306470300.47,18.0795126569,65.57502694740562,7800,51445.13511504431
155864685510904.1,21.1217901741,56.004918033582776,3000,38237.348610509915
27398139688074.918,20.574000903,54.04679218089279,7800,33334.055777024565
1354024344879016.0,23.0737678663,41.86732683926709,1000,44254.58648345246
390504886663.1411,15.120986141,72.77482076994004,1000,5261.168616591348
294271177874202.4,15.2344898243,54.457658406699885,3000,37828.7702476308
48166792572452.766,7.2023034103,70.83106003193333,3000,17387.374372206985
229996419732072.4,31.4029234455,82.6864983850326,7800,75011.21984932046
10755397676414.355,3.2390038886,15.077662357690574,1000,3615.7914524464554
11932947436443.125,6.8951216486,44.77246110617568,3000,10883.737606690232
2257493314725.6514,11.2688208334,41.72278547161389,1000,6243.523308338756
5898583445086.647,10.3891121599,53.74547394775813,3000,11719.119118860412
22220187923874.973,17.9951279067,74.03323777095352,3000,22784.422516944356
254464072169.17297,19.3298299696,55.21492757717422,1000,5082.173347509699
31386849691048.863,33.9011179621,42.43386478567531,3000,30297.59675529365
616064910072.4713,27.4377860884,64.59364018809734,1000,7796.238551810448
80305950653945.23,25.3456267744,37.95473008165709,3000,32124.88746065325
21072743241323.637,6.4939303073,49.978624124727446,7800,17216.711722642292
330846445336881.3,29.4211459099,22.749949847774833,1000,29290.506075792415
580391542933264.1,23.4239211559,45.257528805128565,7800,73051.58413555475
68983897469.09906,17.4915658691,75.72196177425077,3000,5316.527241412646
4062073034636.913,17.1348117091,30.99966045895482,3000,11807.029340693203
25162148876159.336,6.127545116,35.61636537258293,3000,11604.556110007683
214645147882869.28,16.9574701096,59.191707512475936,7800,51639.585049985806
148465817120689.28,13.9543936845,41.270410553364584,1000,19726.675988573537
329398089216520.5,13.4221932631,47.369490723599256,7800,48563.457433725045
96744541983286.05,33.877789151,84.23792699579334,1000,31670.83109504828
14280641855151.48,13.670272508,20.779457712040227,3000,12753.446463042577
78117390551395.44,6.5008847543,34.357540505983835,3000,15700.96756125032
77218449245269.25,22.563779094,77.8824314595868,7800,48169.00422334935
229481525165.41324,12.9576032177,61.2735435765033,3000,5977.308453529998
321829961197.91156,30.0103355297,59.99895005066482,1000,6835.117675178583
3869247163425.603,8.0029025934,59.49900823431784,1000,6561.417063256731
4872154768067304.0,11.8518831198,54.18493362265675,7800,92443.19987530263
35542479990963.086,14.8870508525,37.38974337229931,3000,19996.112075276604
15949524042736.305,3.3245414486,75.34539444753159,3000,9033.043675444924
264071222246699.28,29.1012701156,25.614530601829912,7800,56673.447363037085
22679134304214.047,16.5981219002,76.91416253211236,1000,15316.367175044119
163540933681.62057,10.8941174534,70.9552256031985,1000,3579.993768068881
52329637658157.23,19.7672921647,18.877937858856136,3000,20576.81096884694
11008320761024.443,9.7158922895,84.88656719723973,7800,19542.845732578025
5593982141450.186,7.3299903587,82.46290817011793,7800,14309.328848382942
24140581522086.05,8.8059885516,63.23811992203841,3000,15876.092511551777
2616502027289.446,15.1768344049,86.334581157327,7800,17065.45627605679
27901430683534.92,12.3343370269,85.19703933916011,1000,14011.476376935636
1036862279999489.0,17.9568235451,38.96744435245467,7800,71005.85020701971
43413667216191.39,28.5627059477,21.862603185939985,1000,17152.64768855022
32266193029243.07,22.626261867,40.53806858246729,3000,24614.425794711857
73066966218909.42,18.4314699043,28.414956980813624,7800,33774.965695312254
8863933167255.336,17.9108794175,51.12425580002586,1000,11674.766717270139
1784951716806.1716,21.4229836366,86.81271608731304,1000,9292.896428042368
53795720387639.53,22.2049214651,87.07417015252737,3000,31973.615335426603
13416105750686.607,4.6214113009,63.21124450278878,1000,6884.729437988603
1576254984329.2678,8.2268602192,47.16398349742255,1000,5036.707097840459
44951866323.836784,12.6417912422,62.794335125021426,3000,3946.280460689148
16855736271986.252,24.5809417261,61.55032507851954,3000,24122.57597410218
234221346254.6974,5.5448650497,80.92950189310963,1000,2835.0389725759637
217143946958.4205,15.9605599715,36.49661852837982,3000,5748.629745976801
11795628213685.182,15.6642793458,40.63103254560652,7800,21911.92309961317
582943511724.0277,7.4478980859,35.78925373404597,1000,3465.6862847000434
383460889695019.4,19.0153088782,52.545378913292,7800,61581.778332451555
9456296382788160.0,12.5268736975,70.62572462290717,7800,117979.3610275997
116613203906021.03,15.3287034094,28.06868752738751,3000,25082.511596315017
4203649262453.1875,15.334019193,59.03794821112308,1000,9257.832641485149
158032979273769.16,25.782271739,35.306784392218944,3000,37587.86891420693
1190477181774918.2,6.0575969812,44.81514466503444,7800,44343.88048990729
6422750854294.5625,10.9407215934,36.48822472208502,7800,15261.681166688986
25681859923960.367,12.3930949799,50.58711388819843,1000,12637.90125977055
30312829230167.586,13.2119140871,50.587657487807626,1000,13600.944486140683
11607741490276.809,23.1073815979,41.304836984539136,3000,19363.93335287402
66331692011364.086,38.1146524461,56.47596863876565,7800,57152.03710281135
1505639762625754.8,3.5600831482,87.41647450265194,7800,40495.4841688214
141497161436.53897,12.9443112777,15.107979420015218,3000,3532.985687304084
1554627955167.7375,14.8771271924,29.739747165022877,1000,5925.247518470526
315317248067215.56,9.4547107436,59.799548971523244,3000,30935.94359127815
1912610223474.786,19.0018757957,33.92996440655091,1000,7335.414431641699
20588583728034.277,5.1390320803,76.37942915639937,1000,8312.779326397369
23160489157449.902,8.7217308247,48.775524248618396,3000,14768.01980138899
73917577888655.42,37.2393525232,52.12606380455789,3000,41449.18734422355
3561446894582.4585,25.3294983456,80.1553012792772,1000,11956.414956120769
21758375773698.207,5.3857474066,40.45015995611963,1000,7540.939371321859
579092216394.5936,6.5462276888,43.77561891140948,3000,4947.8807601435965
42230524258528.266,2.4751667603,62.01881367289342,1000,6687.1494707676175
101793741058449.58,13.2336587652,68.74969336528784,7800,38901.821265162085
15125894800048.775,9.6833212321,64.14977433301222,7800,20420.82416877759
8825129268848.314,11.6327168829,26.920298442365663,7800,15557.88919677959
603597910374.0116,10.1965690958,53.02425046064683,3000,6546.04038112287
823429596704.431,21.2944486197,66.1171074395291,1000,7414.977773863265
135752466039954.64,6.7073937766,87.07544277901962,3000,22148.493474375777
108829774075013.02,15.7790449015,19.89041051370917,3000,22450.04331670863
79381824340188.62,29.7121736225,43.047969560598986,7800,49375.92693036493
121820695758041.69,4.8577825545,29.984201257965054,7800,20027.66348116523
292163846001.90137,18.6113985768,59.831995581214265,1000,5251.1654314786165
9630004118935.166,4.3055698164,66.960713870869,1000,6178.983889513844
367069015997.1669,11.7428781705,83.73354507270106,3000,6672.301686540645
1904237333990.7947,5.9681897767,78.03418487121925,7800,9818.945555430724
13144610679933.738,11.8109884869,78.48974647080419,3000,16291.386313884177
3369973399884.6763,13.3667166532,29.656341832517484,1000,6809.102075770728
1773159191335.091,14.1747874596,39.31915096465958,3000,9353.23070605696
3278132268939.917,4.7812323228,51.03823456774894,1000,4702.01692785479
35287953531913.62,21.6104270775,55.903163229034135,1000,18490.96760571678
424254515018.5626,10.6587108563,20.80231105097286,1000,3242.8186733466696
2997420875352.131,14.939017208,43.87827937254718,3000,11281.190015720878
655764236192.0577,5.4138308985,42.60798663799089,3000,4608.220733733872
21663123498313.754,12.8332105374,87.47500412698909,7800,26628.75008423219
16433159690907.502,5.5216064314,63.32862118487995,7800,15706.165208821893
183970304677889.75,5.2769368921,64.70223127929279,3000,20504.64559115178
4423042124657.123,2.544989556,53.08452282868228,7800,7400.770967448724
5659104682265.529,8.4548434115,86.93893452616031,3000,11235.749325947356
4694901367794.067,18.9710507521,37.43160473025529,1000,9438.53243456652
5078331833458.46,15.7624761233,19.284412546989657,7800,14198.863307351738
1642958043334.3757,19.0319360269,61.20621959715181,1000,8214.303055838196
6512100218918.77,14.7878635837,73.69346344979584,7800,20884.913316685346
96105386052736.7,23.0106172495,37.674487552855936,3000,31947.867339767017
29896921621156.47,22.0901185445,36.67202214423082,1000,16084.799446849134
101565854710268.95,13.9752161632,37.61543479128241,3000,25232.691263623656
6962219761348.834,1.3911995385,29.108620997924607,3000,3776.896511823606
1526585298144.1448,9.9874150956,82.15257506697102,7800,12069.470200785767
5008654508568.389,7.8192222283,82.05530455391445,7800,14371.739914048785
17366850893055.547,21.0998062431,15.344691143689852,7800,20749.459188034198
4381536893311.246,10.7474151581,23.0693417788909,1000,6031.962434091706
2591949124807.462,28.642095618,32.48438455739698,1000,9592.854228085542
11366492582990.91,15.6511727908,61.04457980539154,1000,12074.731032101461
15336316957225.283,18.9174153966,28.675473620002336,7800,23225.007660030948
5465456887764.068,23.2381012084,72.82110612783202,1000,12616.203566863414
197570034447684.8,6.2721083904,16.276479418950238,7800,21178.28424286944
2385758461934.937,3.6980979694,76.84038070150685,1000,4116.91633489484
2574825061569.9375,11.4224768815,33.16363986753316,3000,8776.210625204463
5078331833458.46,20.5010944504,49.73244074540989,7800,21407.22180894531
12964259860228.912,5.3696711979,58.77158876287455,3000,10460.922986014259
27336803284326.47,32.8900006323,79.19160976565057,3000,32673.577419985137
51954895170301.37,19.8896822473,68.38217946148123,1000,20309.10718886657
17608447854860.08,14.0445460716,35.20933474111897,7800,22022.187973831158
7827561218656.38,12.3451312496,40.78968210453518,1000,8862.382323608343
17853405765194.62,8.7023098998,17.47606148774411,7800,13995.754446219778
2628006728892.5825,11.0138562074,28.981196938168047,1000,5767.792065402451
12465826428397.215,21.6037325423,29.035758317802955,7800,23656.00593994593
267145416713.91562,2.5103122469,68.06596973359329,3000,2784.4687469617706
8565401547921.015,34.9288562095,35.50507305696296,3000,21143.852433254702
7793294275915.541,11.6108281251,29.21607864621508,7800,15449.922638947965
7669158748791.84,9.375190993,78.09066488539469,3000,12679.320668346778
18608916003092.508,4.4935722871,62.922319116662045,7800,14598.662381264365
98797903199948.39,22.0499427692,66.84092169350554,3000,36082.54115657853
467333025543.3484,9.0512730321,27.972868551092265,1000,3358.9032040644956
44951866323836.77,15.8031323139,46.21858899467004,3000,23145.69464656847
18567256094855.586,10.1063996832,60.854147769284964,3000,15810.868508999942
239729276984803.16,15.7068125774,77.67438921472339,7800,53332.49776006991
401445387987.7615,9.5044631975,36.36925332799139,1000,3583.004723235458
321829961197.91156,10.7171509363,65.80592721563187,1000,4155.9052650819485
11056724104185.385,14.8273733858,48.74128885247816,1000,11095.745085485367
9899801185290.93,19.2482734242,38.18645886540979,1000,11521.598897770928
41375926107280.06,13.7914172391,48.120104243540204,3000,21397.229818866697
4961653969515.97,10.618377053,20.80272962527753,1000,5985.524045195718
5994059857717.936,14.3850583821,86.55057231758181,7800,20441.70178618646
227838164318.569,7.0166551516,88.79843727784146,1000,3180.3026827119734
215588937855.61383,7.1107542843,43.4304222405292,1000,2787.0514447738365
1491511041960.3823,9.4293968999,60.45066429905013,1000,5629.962631321166
1034541049282.3713,7.1220113985,54.43419952281445,3000,6297.486358350345
3188794063785.0645,7.485612894,44.08697421610667,1000,5630.321723809533
224712107511.2871,3.7117652555,74.80506221003581,1000,2278.105656937299
7614238444392.553,22.158417867,86.58498014670297,1000,13581.486419098268
14778367865345.357,13.3443188862,74.00061057731764,1000,12284.696136677547
747526293044.6519,13.1915083092,78.77943146266477,1000,5831.610876326935
831229744629734.1,8.179923493,45.20027046214355,7800,47209.66745547509
10832974668341.543,5.4916446474,64.60765487995997,3000,10301.473394780505
16893555991969.0,13.3459340621,40.51682143730986,7800,22108.67847138068
6020415606475.708,18.8317113876,71.58026192982845,1000,11608.247953095846
24531328918308.89,4.166052576,33.18072266919192,7800,12806.282601455285
1688987645685.7249,15.0897572121,50.696207044542035,1000,7065.652439430105
2683785039312.9214,4.9980975259,63.17779834265272,3000,6905.25887148187
6063839917408.138,2.1521333738,61.40849631660002,3000,5525.407101713742
16055597524150.922,5.5925507559,40.84266424744054,1000,7141.058479667569
32266193029243.07,12.1568127187,33.694093319670706,3000,17114.61691877099
7884020186677.747,8.0929504879,41.96134686171523,3000,10448.112141387368
26961728282067.23,0.8431101638,33.40224399875575,3000,4298.207987693267
4089088149783.788,7.6035228738,20.345486127221207,1000,4791.843265317094
7793294275915.541,11.3977422644,69.23544364044105,7800,19011.250722202425
2765165155332.37,16.2280682405,39.269632630619135,7800,15372.754006090314
160590953078.717,14.4362763022,72.33775646748376,7800,8157.578869171796
7476891449903.28,10.048505869,42.94918469736086,7800,15897.583934947184
23314519692132.152,18.6129787058,74.01437098645795,1000,16260.508303155528
12964259860228.912,10.2087928968,75.43016915707312,3000,15031.809835887625
1591186463711213.0,8.7345341054,83.39891071183153,7800,64191.97138334854
786540474001239.6,18.465077782,84.16366403933554,7800,78297.33172859822
63638667205218.94,15.5095114603,37.678077701763335,7800,32535.413445832306
4233969523470.94,9.2933761828,84.7516698881947,3000,10945.472812015867
1748830535172.0833,9.6119017035,16.86699275311329,3000,5916.096881956541
8011633531737.043,17.7479379057,69.24255563687876,7800,23888.12349443626
2777323525424.8403,17.5932838115,61.380482558561816,1000,9010.394653009169
75114032127694.3,27.1821458066,53.601238914755996,7800,49209.32937852991
75114032127694.3,29.2562818877,78.48136688319217,7800,54511.47809477977
13922623391088.139,21.6800900483,41.875492371888164,7800,27092.00228426548
3004146278285.6484,12.6605808439,51.68033127067394,7800,14891.093942399646
25218605942720.965,10.01595801,44.62255820137234,7800,21728.93103412121
45679472024026.11,24.0371282463,27.90155434498137,7800,34106.14934375226
62176528850118.46,18.2965974581,43.165827560025875,1000,18393.434876744406
46959241730510.52,8.5980520899,18.40152134002456,7800,18013.723392165757
12294788877768.29,11.4062798444,80.64713505511236,7800,21699.93194291494
115778114574.13693,5.2717680813,23.705045159295537,1000,1717.9042415769954
3763799436329.3965,9.2819040806,49.73910959258373,1000,6739.3199809736725
1777137681684978.8,4.2263209587,42.40113188773111,7800,40342.209321469134
878458148304.0033,12.045313302,48.82976648971627,7800,10534.592232915244
500756358844.7719,14.0315372286,75.32434931900997,1000,5416.094253526531
1565841242110.3596,11.4818227477,34.482028237592665,3000,7859.675701851366
63496198883284.59,6.3154735815,59.75815591818364,3000,16934.847254511093
84260973594.40639,8.0198943313,44.63096025056937,1000,2357.2705254710527
1290469449682.4263,7.5877219159,73.457634159327,3000,7255.915736976717
2305407637583.822,7.4645637602,27.070145968860036,3000,6490.643264321458
12348848792814.207,20.0885662711,35.67284889777548,1000,12199.387444283619
5354855150418.515,15.699688434,59.12553354881898,3000,14357.542527059644
183970304677889.75,7.5535755872,41.99835938181147,3000,22190.37326703328
46959241730510.52,2.0975424615,24.134242580337855,7800,9698.61325811427
2106815344988.1414,6.1126814217,85.97272886729883,1000,5172.413076792743
613367944771.4982,26.5003798622,18.38131590073649,7800,10687.495873117683
27717096099623.99,12.4363463011,22.798139912898684,3000,14786.120383836887
77218449245269.25,5.7766358952,39.939993350963846,7800,21183.750863060246
1926405580218.6108,25.3893164003,21.280268802543773,3000,10613.43325517778
9239032033207.996,9.0484508321,37.046187973004535,1000,7697.766812943158
3145042169013.9604,9.019909661,88.62904021653534,1000,6950.161127733666
2591949124807.462,9.1731694317,24.348751280522134,1000,4970.832080864005
290233625949.7894,11.4325078115,54.46289739843479,3000,5807.4900561925715
226332920602.0452,11.1457678595,85.62094818355838,3000,5766.173800723915
866405250657.5609,7.4632840743,37.63110176363754,7800,7706.699721641361
20737085944474.76,21.4027557294,36.35150262038412,3000,20786.350352512378
118235455167547.92,33.74361406,74.1369028949504,3000,47394.83751977873
42535126388362.25,20.6526921672,38.88809486427088,3000,24908.736869389773
112622839526.15427,9.6121381216,22.942067932571565,1000,2280.1280954547774
2436395157273.504,33.734189481,66.44972625462421,3000,17668.58328722608
75444306867.3484,3.5483468157,41.496442829966966,1000,1495.7520956596827
4861247441680.153,21.2666972855,45.508591176926096,3000,15335.855005938747
418433524849.23047,3.4425129287,87.86311284684342,1000,2592.819651287331
349644316293.06116,6.1867265879,57.51038056252219,1000,3140.692779411538
4826435124188.606,8.3452143134,25.021880708309922,1000,5585.840838466253
2758974761082.015,10.225934135,55.62420661127744,3000,9689.927813303852
154071061799420.6,34.1157232518,53.50226546896983,7800,65947.47581488936
985431573054.1666,2.7571939055,16.012453194678454,1000,1871.6497888296688
16735029138.745485,14.3123435591,43.170946956320265,1000,2083.7558787033363
383460889695.0702,7.1375527973,56.65219871317079,7800,6824.241699194825
34175987767827.72,16.7244417007,64.17960211841744,7800,32905.871713097535
6602692557020.631,13.0304946636,54.74103456916257,7800,18640.834091895747
1748830535172.0833,9.1231580233,46.3745470784322,3000,7817.139014500076
115013210766.21155,3.6392019115,48.00738754374902,3000,2522.3208104317855
2797355923220.8477,13.0838250676,72.43372504594646,3000,11540.118041542364
1080739626323.8766,6.7294637782,20.90413966498277,7800,6465.83301543559
12437919097039.97,15.5581045174,50.88179527692655,3000,17060.541208977924
3843684457555.4883,10.2062856354,79.47793208023343,3000,11148.972520465566
5441530597953.3545,10.0773276502,30.601738484698494,7800,13343.043413086001
162460478334920.25,22.0598053384,56.297736196883314,3000,39529.328703154824
30531470900072.547,3.8832322985,29.655198838675517,3000,9183.11068928412
77045579771881.11,8.1485075698,74.3077477278294,3000,20931.302002314897
240783361318.99405,12.7691094848,76.14232663014394,1000,4307.640205981736
6063839917408.138,20.806984947,60.140782529647744,3000,17109.692103838504
1484981610628.3528,24.7876877014,63.88354637717409,7800,18274.74259442541
181446137469120.94,3.2014202376,66.49981179176443,3000,15991.640631714798
152625279714.73312,16.0942781433,27.80449319129476,1000,3379.671893472538
4861247441680.153,24.4526990764,76.90719047893631,3000,18243.42316146672
1450863225299.574,12.5553014078,54.39641836459668,1000,6307.981916124256
1912610223474.786,9.6914782479,83.7582236217715,1000,6349.938382606122
1055908954.5179591,14.9504848724,80.7966976290724,1000,1206.1108225400615
5750704812839.045,25.9003789546,56.47878087799003,7800,25564.86472825698
35133472429898.523,15.9824989722,82.85802580434863,7800,33459.42651084438
3951370267222.465,18.1072874811,47.03836071347728,3000,13551.336551597042
198438745523.9221,13.946911577,85.64178077066035,1000,4327.679046675627
26226946334611.004,30.0419212271,80.50553379853042,3000,30947.319952250353
454596903176.5739,5.9504640841,45.3174515929729,1000,3106.9669300249607
214164620314.1404,9.5287954543,33.83714862374927,3000,4330.2896492506225
1190477181774.9185,7.8108505018,39.85444931625554,7800,8674.730722947801
4760213951717.16,8.6145263874,50.49723780596038,1000,6910.56982389468
37561915175.32421,5.9506765638,87.99332417593398,3000,2691.2269667670203
1187812052320.804,11.7827578362,17.448712674435615,3000,6011.945999720694
4423042124657.123,8.9783810123,68.37555541088454,7800,14616.985280902034
328660663448.75165,21.1930311324,18.66006721299176,3000,5975.594362666597
2616502027289.446,6.0654869054,71.6862501949355,7800,10610.407029904522
34573848737356.516,34.1648967139,27.582909641068962,3000,27484.188162604394
536570105722.62195,19.2133347063,46.012996191220886,1000,5842.243646701493
100838522307851.23,24.5642732855,41.64861021311722,1000,23819.465242041813
2962927846108.896,36.4755875123,51.12696936174873,7800,25123.77813812081
15125894800048.775,20.6940983354,35.587713063418335,7800,25815.18274987033
33707075636595.17,19.6675471114,22.657618859096953,7800,26798.045290998343
890678718458.4894,15.7714902857,15.073999021949186,7800,8487.66367619634
1613322072386.8745,11.4214545775,50.2260682146636,7800,12024.853911240532
2855133849307.005,14.9790008222,15.687693620396848,1000,5653.822266070654
2353024628677.702,6.9799759257,62.76069546833302,1000,5468.222113759664
164720528716.0242,12.8124240915,47.46220101980538,3000,5162.511115651793
374650634874.7188,11.7364516433,88.4891658556782,1000,4657.50464226114
149872197629754.1,1.711780866,54.00493264264649,7800,14701.989075159254
37129668823393.85,13.4735400836,58.08954822222174,7800,29569.630483892844
7993697832650.384,24.1700405789,48.81148376851772,3000,18846.867310924124
2689806728134.1655,0.7854187445,68.5741297237135,7800,3819.507025989464
2935124130420.0044,13.4109408579,34.7516575076491,1000,6907.088406237612
46518582533.30278,15.9034657895,61.76032722832409,1000,3085.572908733329
342568737868641.25,38.2167758341,54.48507486439086,3000,62242.173674557365
1385865474723.3818,13.5784416665,30.9351221998496,7800,11038.803228312656
4826435124188.606,15.7360918671,61.48162756430399,1000,9787.188522811382
6104167930272.731,13.2931500304,66.51861848373818,1000,9676.88437730153
3081397512206.555,20.534881008,69.56449901537695,3000,14726.247188206973
2195970354594.6006,16.6932749093,89.89862906202033,1000,8643.82112356871
1123951904624.1562,17.9602381334,37.05420590340954,3000,9238.069973649232
1826926500786.6396,15.2553447242,45.88685866767936,7800,14014.238880922105
41468762511114.39,10.9620748634,18.58813922566752,7800,19781.511575605575
164720528716003.25,6.0569184042,46.659947475146,3000,19873.986290178327
4321419953.411881,18.5734747752,33.17332378810916,1000,1570.6889097435305
1784951716806.1716,10.0955095337,60.443332836126565,1000,6092.803513113491
8622366380.191162,6.3605213925,88.83525256431874,1000,1335.5239145615803
43126848938910.016,17.8811499557,76.19023285021885,3000,26897.218880485314
46211251212.10329,27.8262648276,28.729567769655603,3000,4802.133765899136
1142144560000.0977,8.2470713453,19.00439964514836,7800,7039.684645243606
181853253598630.78,32.7952993377,71.2487826910257,7800,71176.14739912914
3401896336743.977,7.6290505692,31.760561324651746,7800,10438.935504705452
240783361318.99405,23.36149892,88.27390937869811,1000,5883.28483184915
582943511724.0277,20.5721149912,67.64169834109629,1000,6710.593359115453
2385758461934.937,20.3382564611,55.77687482460703,1000,9142.57010966507
223728378773.03418,6.9049140031,41.49849089280944,7800,5430.253373647538
11210538458183.111,10.5881163135,74.48084683575397,1000,10220.402183710492
39696089636882.44,17.2931443944,58.232161979136805,3000,24785.5175293443
359440055696.6033,16.8068682769,20.46308398637017,1000,3886.309103348947
3101890572743.648,16.3488506018,25.899630233761947,1000,7075.737550650332
3738933385161.5044,14.5042000038,85.38638143229626,3000,13259.679176216097
1354024344878.9712,9.6432343928,84.65329940743685,1000,5813.2011609604115
106101390508372.84,14.0004625866,84.11882590438142,7800,41317.20730800323
3211794333861.6743,21.6946528836,75.42446956985549,3000,15459.544201575472
722350083956.9822,9.1865897706,86.37942777441242,3000,6999.127359820154
551602813770.3016,19.101416669,85.775317094527,1000,6539.945488078487
15730688368931.207,10.3818362278,44.450146607623466,3000,14282.975353684666
85059157265492.3,37.6435533096,17.45899818436722,7800,42991.96952239791
666378651904.8717,30.4889549951,84.3333799748211,7800,17166.661790059814
907040069409.7456,20.6448873546,88.53769188309818,1000,7705.3847700226
16055597524150.922,21.5333840571,36.029886485905095,1000,13525.961260242479
7775847374422.385,8.4071929474,59.91637704147196,3000,11564.747390658033
3537917712911.176,14.9545366406,32.721373627864935,3000,10829.012441824152
4233969523470.94,35.8118050954,56.42466094000534,3000,20246.27293574907
220658710337.301,14.0839238282,88.44417880271236,7800,8864.050037932406
13983840858523.74,12.0636143325,70.22267452236898,1000,11438.596943053299
41079625231129.29,26.0145880256,80.24736287131326,1000,22332.44810422532
5817651846172.606,40.2956796012,19.944076736474056,3000,17265.545053419326
73917577888655.42,3.5538629404,75.31144542755648,3000,13702.383361418633
3355220569174.308,13.9942902713,70.80025822429471,7800,17120.42125281768
737269847799.8776,16.5000531305,65.28181840653261,1000,6335.288133880213
1704987014099.35,6.4930084166,19.480755027915137,7800,6959.442098744817
6977841102213.595,17.7051927601,57.708189967837946,7800,22286.96367877962
1569354566972.4302,11.7702764237,51.10381634375282,7800,12173.906337818711
42045650462425.65,11.0571097562,71.74333917122436,7800,28685.847294088708
2486717627197.328,17.5574337402,49.12480422596784,1000,8331.039832263019
67103894748365.984,12.6769214139,77.53768116047654,3000,25340.26198544184
55426962049081.37,11.4829392105,69.85431027363859,7800,31204.055319220177
1565841242110.3596,4.446445014,17.849905730190976,3000,3986.4301267797027
56445129385353.08,42.501835912,86.56760925922622,1000,31036.958035671243
742587659260.7064,1.9999468266,66.83897939278785,3000,3199.6355070309305
4961653969515.97,11.8869845877,35.19478957679952,1000,7442.2088026035035
965489883593.7347,3.7726399191,38.344228298763745,3000,4115.907885010174
5671802184823.959,22.4893102901,75.38744498727951,7800,24948.92458332795
66331692011364.086,18.2883174747,49.114301800888754,7800,38319.613155717016
439286369230.8068,14.1571758266,59.892168871201505,3000,7315.828339126127
16396370663292.205,9.8681791626,20.78514774519803,3000,11217.48176176748
768469212527.9406,11.0779822362,77.9760033574209,1000,5375.936385288704
6540733779699.373,3.2532921791,32.56284108111153,1000,4077.7243136125617
4381536893311.246,15.8391182852,75.56396658459737,1000,9900.48091627207
666378651904.8717,12.698975863,17.658789708913204,7800,7456.271215852266
93486247472.83116,6.4861433212,29.65827917361038,3000,2791.9013757024113
8584619995744.96,6.1233868561,33.336668632584086,7800,11957.966558410688
14983955441278.926,56.674367089,54.110017514569066,1000,23996.57891599998
439286369230.8068,8.1036739647,35.63528630361989,3000,4851.689121485104
54666475619868.336,7.4348882223,80.82232131565199,7800,25444.609513511612
30531470900072.547,14.316953783,23.65955576061526,3000,16443.898939408427
5593982141450.186,8.7429847974,55.287367236142025,7800,14681.850673576388
757925419655.4529,19.2541697685,25.715035084020464,1000,5386.739983552962
88460161435412.47,24.3059871032,50.20532363896106,3000,34710.77420742226
60918293307483.54,13.6497318278,69.44728850183526,3000,25310.303926586563
96321020583950.81,23.6326260413,67.46463622400994,7800,51118.85768248553
337868518578.46277,7.4340652624,66.52604757463396,3000,5062.484055133713
383460889695.0702,4.9778370757,41.98992805786415,7800,5292.401443740516
5366869999195.575,7.9224150739,87.17044857499462,7800,14759.645803619138
9566382191355.193,8.7726812533,56.36757665452995,3000,12282.939578437032
57643152934.5026,14.8689349125,26.724275311112883,3000,3628.2959179112017
284201570086.38617,9.4880943305,86.70438982600906,1000,3906.475589772337
1221090148896.6848,17.6757700656,49.903117007166486,3000,10131.117766958043
1701170047945.047,9.9480568539,78.72813825957041,3000,8970.267639401487
511384696786.85706,17.4892991202,29.087514557951675,3000,6969.967553248213
203998264578.3313,8.9539084201,74.33022876378539,1000,3451.109546826401
999140291784.0437,17.8169023104,75.43098925666584,1000,7254.708757646212
44335103596036.07,8.7019633111,70.42640399640963,3000,18704.55794056595
4599892979912.392,15.0336201044,75.08039723959773,3000,14070.945424073076
53176662392898.98,8.50578384,88.39638273883862,7800,27140.897546278033
2436395157273.504,26.4026876962,47.3367194114598,3000,14523.720184026106
32788464247134.863,35.6697024112,23.50390084152469,7800,36257.348843637104
3464387579334.2183,10.9644342429,24.131491141148707,1000,5826.977476699532
2486717627197.328,47.4498101156,43.763301300682244,1000,13294.98007329485
3610991556113.8477,15.0737427213,32.86536544070062,1000,7586.769004122906
620508489379.5671,11.0216821486,34.658202918805785,3000,6118.840316552535
19622201339098.12,21.6300838173,32.52824574179589,3000,19951.20790736114
16171404024009.865,24.23558594,89.70373289591495,3000,24744.61969172933
1326623626507.7622,21.2789450503,37.95209116713072,3000,10552.529997260455
616064910072.4713,20.0566492245,32.52379085310331,1000,5607.004444871629
1326623626507.7622,14.4279405097,62.424948610728265,3000,9815.2695663092
646766813566.8414,15.3725302391,22.28028552952806,3000,6378.633639897998
607612182621.7645,12.0779134317,70.21834242978582,1000,5225.478376700996
2211809543399.633,22.5499863605,63.870588651081285,3000,14003.047466390713
199870052986696.0,23.1823499959,19.30741927346039,3000,31377.49936588785
3263781493823.9976,9.7960635935,73.72299561357798,7800,14303.014039983113
2815959944302.622,9.6367043744,32.423986031248646,1000,5677.664866618592
220658710337353.44,8.6529933107,20.784698723228182,7800,27664.628369878592
240783361318.99405,11.012183845,59.84102700514037,1000,3848.718820129889
221628941811.36002,2.9992127862,68.7626706521036,1000,2017.241230370612
8684558152843.099,14.3392721595,85.96507133479778,3000,16280.218986776428
30180127874719.703,34.0677875233,15.92756728425614,7800,30640.932186643502
2797355923220.8477,1.2802848274,39.492853157094956,3000,3154.211830792734
3951370267222.465,29.2210750493,64.67042376514246,3000,18470.19156296666
74083428970590.47,42.0443044462,89.47458448033483,7800,65564.87569335647
478322792162513.4,18.6096742695,88.91862316607913,7800,69529.21782538085
85059157265492.3,33.2151049198,41.23107174277362,7800,52497.838642588664
17608447854860.08,23.9884954141,21.445185214579347,7800,24726.63233281198
1939217282057.5354,12.7539096282,60.26123395184882,1000,6987.355521322775
63496198883.281815,13.2537570443,16.576957154007594,3000,3015.51068103543
307412183435624.56,5.357586192,71.19467965392147,7800,32799.466722024816
511384696786.85706,24.8721244101,89.40234607183025,3000,10570.718838905437
31894887568313.547,35.1901539699,55.135773235332465,7800,45487.85233906595
2064180768921.375,13.7872297786,33.86422264679351,3000,9179.910343347967
754607427469.4524,9.9343615694,31.7534877819227,7800,8174.516515274779
3188794063785.0645,2.8108171976,64.94231166113364,1000,3767.402654752614
808576426409.3334,3.6755396341,55.26908644547756,7800,5869.207821073138
624635226675.3134,3.8928059834,54.1476577323937,1000,2842.209853629169
72064449859022.38,15.6368226744,89.57730812086027,7800,39709.46712105242
7157275385804.811,11.8216445032,70.16286444602203,3000,13811.450373139161
27518608702.934177,12.9217863147,81.76276932023887,1000,2535.6847322922026
170461565595.61902,9.9223872964,85.78959944031922,1000,3514.40726268674
10684340683747.375,18.9087877253,54.45057625120182,3000,18396.166164579525
9699463824123.447,13.7226561643,24.045387613397892,3000,12147.96250926162
1523167721138.3152,24.3945744692,22.006327203213623,3000,9915.180257022415
870214815402.0005,24.677399219,73.9053692438464,1000,8228.045610069974
1658521384541.0059,9.6540704635,44.495151846828534,7800,10794.945210639935
2510273697343.71,9.1385705395,48.89528849342025,7800,11934.1755650521
4474533125881.146,25.1157141932,16.370659636858452,3000,11978.473852188667
1008604904308.6287,1.5785500345,76.46596637227293,7800,4299.08553739956
945423673503.8734,16.4307357907,41.38263723753188,1000,6051.30989390865
870214815402.0005,41.9982433988,62.88662822361023,1000,10464.009041934381
29357635603369.29,15.6594580308,27.72488620371874,7800,24599.91518432766
39785156941345.05,19.1640677632,39.85840478564961,7800,32671.017463392145
1048932948879.1835,6.5140438141,76.1837371725135,3000,6411.076468603658
1773159191335.091,16.7082683103,44.702032314820954,3000,10514.611489123188
340115537983.5085,13.3018130786,55.08338465341971,1000,4530.638843554646
3763799436329.3965,31.9120453696,29.077979185582002,1000,10751.221911378836
119021788748.60458,21.1617294109,54.299285164978116,1000,4381.031801328474
470703825158.58813,6.2218249219,44.714511390207356,3000,4605.939781348369
1391959094595.5735,20.1773021521,63.259230552130624,1000,8165.678294991356
1569354566972.4302,11.9861081588,20.069193391393675,7800,9350.313300709244
5066962937057.174,22.4492731009,35.242996904703254,3000,14834.07322874826
784779640432.7383,8.5370862606,23.057297978274796,3000,5043.252505884354
1598182875435.5405,8.4342877381,64.59647002149327,1000,5485.777497200812
132349125358.42886,19.2372170937,47.97657041294687,7800,8257.831716486206
115013210766.21155,10.0845533751,36.27293060193037,3000,3891.361662100892
2106815344988.1414,7.0935675447,57.436345476715076,1000,5267.542601077241
52447051232452.34,16.4387564728,62.55570247189363,7800,36138.85393886186
349644316293.06116,33.714802229,37.35501768210163,1000,6569.252127682858
2580602273627.629,22.5601860235,68.63521957960052,7800,20262.2885406985
4674348361326.728,21.877077822,82.26268794061437,7800,23631.668470679804
31595590240.830006,19.1623232547,44.47190235765159,1000,2848.6622584321176
180146767169.38608,15.3521843421,43.43216113933964,1000,3915.4066908858404
404340950435.5128,28.5254664572,22.148128399417914,3000,7711.763651655852
1272763545055.6877,12.7198346959,24.67001460285452,3000,7095.9613733641
242520093835.89465,8.1447870997,48.28398268754561,3000,4553.686793309533
9699463824123.447,2.8794092254,77.37178529189907,3000,7444.96439614475
1430956635569.667,10.1520883326,66.38032012702118,1000,5882.297570075863
21025567546103.203,17.0320400342,74.40057240044894,3000,21875.411278449417
858275020523.3125,33.1376922609,79.73612944908973,1000,9577.695673018852
834884643451.1243,8.9467804902,81.38639925249517,1000,4950.242954349282
22220187923874.973,16.2194963845,42.8984693194858,3000,19279.399335681555
3263781493823.9976,10.0888534839,25.995898804328384,7800,11177.312419242475
412692401659.0872,8.6733530301,24.196059644362485,1000,3047.244880405815
18312503790818.195,12.9788873131,35.10774573702413,3000,15534.35170267342
500756358844.7719,9.388967514,24.877374431334523,1000,3356.5563142346423
15336316957225.283,11.5916297232,22.42816936607087,7800,16842.385944390448
7827561218656.38,2.1860303431,54.663667262858425,1000,4015.9294095661694
21964487565560.45,21.5263547141,62.47078607767686,7800,33259.33147811194
540440301508.15826,23.730147597,83.87978323732901,3000,10449.095839874191
817989497456.0317,10.7972193616,26.488408134305256,3000,5984.515187747142
91142529097214.36,25.4755637148,42.453933269532975,7800,47150.500037309386
14084704103382.203,47.9023670834,88.97132700126758,3000,33605.55801563817
11959721747772.219,29.5346894951,26.382048758379675,7800,26580.70422518299
72064449859022.38,10.7478397749,28.921092552054134,7800,25841.307710750898
18312503790818.195,8.1634929904,30.60792832964369,3000,11829.84011184483
197570034447684.8,19.5156181358,75.33275587672017,7800,56457.13326512898
25162148876159.336,21.5559118283,68.5830753440249,3000,25449.600115918736
35133472429898.523,29.9329913835,39.09428374532875,7800,39368.580295544525
14884961908547.908,12.6447144231,29.174730556170164,3000,13778.263093411922
26768650217981.742,31.7607840837,83.14116275355414,1000,22224.96485092497
193030738798.1979,15.5708591385,75.17338896624076,1000,4494.583441422674
1326623626507.7622,31.4243356904,33.22126560747846,3000,12339.07228223963
3687633295926.8125,16.8515370276,43.53280214739452,3000,12592.164926048801
12639243348368.398,1.7129172136,21.541094608635845,7800,6090.417338469998
5696740973713.9375,3.4935038734,79.19111076837203,1000,4988.5506820303835
3188794063785.0645,19.4763732897,86.27198204860228,1000,10241.949128232329
941284864750.8914,7.6516205757,85.68592654543308,7800,9381.876459976875
433259134289.76086,12.6495292218,68.2196836750641,3000,7056.209169062469
186529586550.32693,22.8036774311,57.386408762876805,3000,7428.792438868871
541652903588.62573,17.3223479849,65.56159332625023,7800,11927.21128051747
2353024628677.702,4.6642994779,15.941689402025528,1000,3021.757977829737
6161991225679.488,10.5044193676,18.886082375809337,7800,12084.21531496044
505499901813.3119,15.094884298,78.42877561998387,7800,11214.144389588555
5775990534841.311,9.7138809688,49.49528569993167,1000,7664.254977520447
233195988645.02954,22.6694126777,40.85412327810303,7800,9899.192273897037
14884961908547.908,7.8990640714,52.08920421574653,3000,12785.87039107257
252782920783.21915,17.9239096164,15.695625854353723,3000,4866.415366482147
315317248067.1429,16.7466880719,80.1836279638586,3000,7648.658732539217
1126473749153.3782,26.379523543,22.41880360839091,7800,13225.359706745543
122356338665.72229,10.566623338,82.4155076147951,1000,3331.434365851093
1329600211645.8284,11.7008185974,39.84298410203868,7800,10913.90713584512
1123951904624.1562,16.5524183138,51.87705773519751,3000,9692.90979304175
829368864883.6908,10.9269446341,48.311929836097505,3000,7173.573898752339
7204875371.582445,20.0628460843,31.55872598721394,1000,1827.6865509596335
5030677451777.719,33.146467205,32.85144303937453,1000,12221.104966620438
521947080703.4532,2.3750523959,26.055256854556944,1000,1730.5004203937212
20737085944474.76,21.3089218116,47.6195736307529,3000,22319.780355958777
8825129268848.314,21.7359412584,24.542459199742957,7800,20664.447197947404
29357635603369.29,15.9303558147,49.032738414918434,7800,29158.70950649152
9326551132392.719,24.4342075083,32.82223074486318,7800,24275.329353917536
6787675560135.604,11.6857111193,72.33405783575519,7800,18713.640646797096
580391542933.2307,13.7742849677,57.878108500692996,7800,10563.444056308537
1345078799503.5198,38.963301092,67.89600950236527,3000,16426.032679341715
1299051811564.8296,28.2445847604,60.169524997787306,1000,9404.292949872133
328660663448.75165,37.7891512682,47.116380548827514,3000,10517.737521960238
1450863225299.574,5.5525554704,45.670634748750864,1000,4019.6179113438047
10273562694778.408,29.0565500326,26.41708945378645,7800,25392.21913762608
19214384311506.934,25.8539273729,77.35642272401753,1000,18350.36714439437
6787675560135.604,11.8452547213,53.13474895193292,7800,17774.66449113904
11633786127290.98,14.6769316491,82.84157997812659,7800,24322.52024896534
1512260027395.5361,18.572710167,56.9667074058956,1000,7831.567066818705
604952221071.7974,29.8587558771,16.663561805458507,7800,10952.87349623371
2097592278087.0588,13.8548267426,37.78534086736541,7800,13113.181447285635
20217203173498.203,32.0436152306,34.14856540947709,7800,34127.410439454165
484976925030.85004,14.840814904,81.33113400302219,7800,11037.97218384013
6772479944176.954,6.8442106824,22.40511252542571,3000,7669.800022829041
1587624263631.683,5.9689103886,64.65556430898107,3000,6645.888604865622
1345078799503.5198,11.1382174551,52.77616857554633,3000,8349.980154296982
3977649145481.042,3.6707612296,82.70670330514744,1000,4689.615974263727
3416854399772.5835,33.0266984718,37.03881845055237,1000,11467.94350412944
919658253694.005,33.8125611418,82.385349801631,1000,9867.156481860733
1221090148896.6848,10.148197942,15.59210035400612,3000,5416.9295424391075
559276373286.1736,1.4522818731,27.488250746266544,1000,1399.7125050627355
7157275385.806104,18.5846741306,72.60234392670833,3000,3094.243899267828
415669087047.64484,14.4293629389,23.961654604466858,3000,5661.51722944033
5100661146326.288,23.9889574838,89.61630798718383,1000,12791.976888136534
12126098050308.352,37.2353957842,30.838163948348303,7800,31409.8216237864
3897155434694.489,12.5351395428,25.35352629898324,3000,9398.030892188794
35133472429898.523,24.3769758012,86.30175242435236,7800,41401.10020054
9326551132392.719,2.2665825703,56.69284041067213,7800,8541.47803559035
4739375024449.764,13.0150019523,32.791286512444024,7800,14954.325649584856
2305407637583.822,10.3564631548,38.18528492790283,3000,8467.19487662683
271469520335.8093,10.6026695375,37.22284764209642,7800,6851.145849290524
1131426829339.5276,21.4591108678,61.97934444623793,1000,7965.107364109086
41468762511114.39,24.8366140135,37.66148403996456,7800,36987.0044817491
99454965913.57513,14.0961316494,73.84618258523173,1000,3615.3782320095884
1013039717788.0149,21.8161837939,45.0013846110344,1000,7255.317945137866
4015328446606.61,8.3889385766,54.875794596715856,7800,13215.345143557972
72064449859022.38,20.2378899194,67.88586042985493,7800,44039.744832500146
200318507406890.88,11.3361866002,15.626754278213143,7800,28195.08431981941
11932947436443.125,24.6479444226,50.96606617748072,3000,21260.7070421956
4442490143153.809,7.1471789043,58.6250358310806,1000,6399.080912188791
31025663334.74265,9.2490436484,87.88453071442528,7800,4398.184679572372
3852308647418.4526,16.6705219722,15.306898645282494,7800,12647.180603554647
555581438114.8594,17.9261663268,45.36001695507166,3000,8179.597562336646
6104167930272.731,6.6275060874,31.97037155345286,1000,5689.319521623798
92816774674.47255,13.0362088481,46.04299640917557,1000,3104.038308205351
952242865773.0181,9.7705841616,84.04822982207872,3000,7725.627435592077
913582406779.2556,11.6726049759,51.08976308956897,3000,7700.591378961355
1155440876263.711,19.9687436279,42.19057774643621,3000,10169.539515875129
300349195413.3019,1.7891032841,88.45474165987142,1000,1720.6806539882714
669308704114.003,24.8518758483,37.811448146099096,1000,6657.077833087436
11008320761024.443,21.2265826595,83.5061446845955,7800,28862.36925948839
4118582099512.883,42.1352839436,16.30916396405102,3000,15178.250280237218
1912610223474.786,7.353746159,71.6118903996628,1000,5446.314148445465
2922274952022.8066,4.7712014425,18.259754077295415,7800,6685.535365647253
71903118679.50374,9.5733864105,45.96839040844685,3000,3597.6834351911316
55426962049081.37,7.2030948783,33.37532824455062,7800,20680.90016346757
480425966911.2589,11.3981456613,61.542419928247824,1000,4679.613336304435
5243562789643.736,21.3297788466,30.824226147148813,1000,9719.258639118902
35133472429898.523,2.6351379335,48.78933556325475,7800,12388.56367057814
6817520819602.434,12.0607649205,38.938593095746555,1000,8353.877682433318
3219000732940.8804,5.9133511023,15.827541208964815,7800,7280.451422706642
1372860699837.6277,1.5050112981,29.173491993691655,1000,1816.282938825718
8217651654262.496,13.1035804543,54.22525067150643,3000,14327.88040367305
8236089845242.037,7.7024081176,74.78377684635257,7800,16012.928904249773
254464072169.17297,14.4639565093,61.514625513209985,1000,4496.74580239212
4630484906117.159,33.1891847027,67.23231807072452,1000,14295.19113445084
1912610223474.786,19.7324389934,77.78008120149775,1000,9009.648569354664
529208087877.22766,10.7337463311,29.549969668508187,1000,3836.896553277473
694578083456.1805,9.9864238514,66.72164399138366,7800,9665.779469060402
6540733779699.373,28.0080722396,80.82967879448786,1000,14645.852683869027
8947899046282.986,22.8495489371,71.12486773619844,7800,27974.40314328682
5293233782256.008,7.4850923726,66.75171234328539,7800,13904.748171622137
21758375773698.207,14.6432098469,86.8347030624378,1000,14355.963474722403
5696740973713.9375,6.1121830446,89.9680196278109,1000,6637.940849731778
660125444422.0403,15.6159461595,45.96719974014454,1000,5545.627100501029
971910944996.6282,29.3416433182,65.10875836162886,1000,9048.234176055592
5137451412987.723,17.686292386,56.25239360045455,3000,14923.15070734152
5504878368736.5205,15.1003669521,16.271267416329565,3000,9762.585482562632
3489375662095.4355,7.3473822581,31.013978420797745,3000,7444.361986032614
1704987014099.35,6.9518929341,88.96772843379168,7800,10383.69167818321
534221147142.11145,11.5067664476,58.39693591407243,7800,9474.6335727841
442207875502.5874,31.7594992046,85.85099778640756,1000,7979.802819290208
13700856814285.254,6.7896389184,61.18199451315789,3000,12023.742054073875
352166245757.5344,16.7616312902,53.128115211293675,3000,7338.4948685258505
1424692295026.3582,14.8136795973,38.954364698428336,7800,12415.66485692692
669308704114.003,2.1810203298,58.63413458357981,1000,2202.3896028431896
533025182585.9161,20.8320574559,25.627039993961652,3000,7392.440905075228
348113668185.4747,13.6776148706,43.30061419114119,7800,8634.428737428629
1095774212146.6611,12.0946641543,75.62860896315294,7800,12134.395930828734
78636915996.34592,23.9916906919,75.36437879909624,1000,4458.517377825714
409965893366.1673,18.9392071928,88.75290854151251,3000,8727.755276087933
51611648112.76492,20.3980705032,31.026100598472752,3000,4326.2004973063695
629140622328.2186,12.9413929305,46.43589298020734,3000,7212.9566814306
10132604130205.67,13.8004854292,89.41699321588767,7800,22843.54124947518
348113668185.4747,8.2283713724,27.083690754151938,7800,5842.210435334816
8011633531737.043,22.8432957352,58.89767160016665,7800,26316.976444501775
329398089216.532,18.7980847959,36.975933028014964,7800,9556.249712507819
4928874130003.127,4.6350849693,80.54296320052784,3000,8003.940064119906
604952221071.7974,5.1302264084,88.34146950612424,7800,6883.849231673395
3905899598989.221,10.331732254,17.77857973923966,7800,10487.482007451941
22220187923.87359,21.1668654227,77.35225267137311,3000,4415.990575482209
648217983624.7938,38.4008847602,34.46417447288341,7800,15851.556334257531
854517724966.7543,16.1844756177,54.31931306388738,7800,12438.700508503904
1569354566972.4302,16.2852449339,60.01984066810797,7800,14839.75389509339
981117620554.1454,19.1543322802,79.60201938248656,7800,14930.012189387253
2739217218087.4985,32.0357368009,16.24111607422233,1000,8275.732897937007
233195988645.02954,16.1119649177,16.75788008750098,7800,6351.265263704968
876491538005.7042,11.07917129,47.7499880097861,3000,7302.352718544606
4145973032.346344,17.5527753534,19.518575691592154,1000,1282.0521054160215
1701170047945.047,13.5796236009,16.691968990138896,3000,6959.978071942228
141814642852.85367,9.2742554548,51.17890920536731,7800,5926.919381035485
786540474001.0562,14.4977959807,83.44762311789738,7800,12331.787227750026
992539336010.6265,9.567958294,65.10033430761641,3000,7491.039828362539
2064180768921.375,13.9943340199,36.67149386421498,3000,9464.805291614544
928369952239.1157,30.0697753688,40.71790482250808,7800,16089.620186772316
954379441592.6339,15.8520999262,79.66499137811188,7800,13489.60272710242
840906535081.1593,27.3221297989,38.8986788172798,3000,10743.698028537308
9856462537289.775,25.8010534895,71.25188663424044,7800,30461.41398874878
3441499633185.7637,22.803294141,62.694388184901754,3000,15673.007540021148
118500743597213.25,5.4604908456,39.6090412455417,7800,22870.552789582274
43413667216.18841,9.237022554,17.625562505756385,1000,1619.0149303604223
795697012729.1715,10.9689794798,28.17743866176344,3000,6105.419787717885
3923073753226.6426,3.2373910207,82.4381911320511,1000,4388.0174586160165
702664038764.0922,12.1614441941,37.81960345974885,3000,6798.98219729004
178956603132.85684,22.1679491614,87.67652541914869,3000,7673.608717744423
94786770722.49,27.2748817974,78.55016211863806,3000,7214.850870643688
340115537983.5085,17.4072364273,55.042179794336214,1000,5181.98569329146
958575826910.677,20.1866779298,84.7571116957841,1000,7715.44048250768
2803632434433.506,21.3239125444,67.08646809611072,7800,20038.186994742307
10273562694778.408,7.1007984784,36.532077764236014,7800,13831.926390401906
5441530597953.3545,5.4364824466,61.68224496164722,7800,11763.357730110685
35542479990.968735,5.2931062733,47.497075694951086,3000,2261.9419454493923
688060256307.125,21.3445138178,43.991110498870874,1000,6476.079735311273
136655297788.72243,10.9021810823,29.90788446705863,1000,2766.5894669971544
890678718458.4894,9.7432778017,51.25381643811896,7800,9620.421881333057
683514492955.707,22.841065976,75.03349007562639,3000,10767.578501404747
10755397676414.355,4.5100980107,62.13879756811529,1000,6414.937714298454
276456288294.5636,21.704778208,84.8969075525655,1000,5863.243779074992
819824844974.5715,9.9551390177,74.90320856149154,7800,10227.345252353512
2652901196271.366,14.4644433159,46.2839793112602,7800,15013.274765550665
92410447976.5187,21.6596525939,73.87819128526516,7800,8726.526817725906
2226519345263.5317,21.9014198032,60.85060230642309,1000,9496.594611522332
1326623626507.7622,20.4522851019,76.38231456953065,3000,12050.331785049875
3610991556113.8477,21.9701898016,22.5742701972074,1000,8161.141124144825
1565841242110.3596,9.9923476631,89.17282417981451,3000,8862.875279401116
357065366245.8137,2.8831825064,70.87494842089941,3000,3228.2924215763273
374650634874.7188,10.0563100047,21.274542418058005,1000,3075.330750837908
2797355923220.8477,9.0359583531,53.865878085954066,3000,9074.348779648475
2385758461.935368,21.9452977443,85.20000633714058,1000,1797.2039393569228
630552243973.3262,19.7218119097,27.953008685476963,7800,10595.222005581109
59391059866.25826,7.3287915815,37.77144391692073,7800,3911.815874616994
46959241730510.52,3.7376834567,87.12684756644019,7800,17435.84147087971
42230524258.52975,3.2631193921,21.905415038477933,1000,1024.5125249997925
1139587633118.8062,6.0067159903,56.897174390192866,3000,5983.2331218917125
300349195413.3019,8.7320718624,42.12372406732787,1000,3327.95365560011
2216772246673.812,29.1762454727,77.56953836990152,7800,22537.43335383576
274629842351.64737,11.0737188007,48.61337176945294,3000,5486.655251613932
42630563724559.734,14.8832963878,70.51274152883332,7800,33314.519587568444
752918082631.96,7.3976558244,86.23328486221159,3000,6345.852282759519
21758375773698.207,8.0968147056,59.57619686689926,1000,10165.896543160994
657235594036.3698,14.3426496784,16.149121933896215,7800,7671.7071969686
38871067968.679214,19.1952750969,80.85694901822305,1000,3366.52100823628
1464606899102.6062,22.0278057814,22.76787193514351,7800,12968.183887701669
477251967638.13617,10.5743710996,27.903539523064786,3000,5259.69255136392
4794548626306.621,18.2946820332,86.73525600414395,3000,15855.620860782123
142438198704.10846,19.8716834186,48.21854524574545,1000,4315.909451264468
49161652525.008995,5.2387957124,58.67898512951964,1000,1777.2521185731
333232788714.44653,9.8391437969,49.62571449284534,3000,5455.74166806788
1207038369061.14,21.4584080827,60.097591582675264,7800,15956.640180536038
3545855844777.277,11.1142579332,87.25104502184789,7800,15761.490926887156
46314936779602.35,20.0610936,38.02882797613164,7800,34266.90527340156
10273562694778.408,12.7615595904,38.624127674017544,7800,18838.75562550145
5030677451777.719,24.5947832331,78.13245098870627,1000,12815.304145344588
290884831823.4614,16.7100639828,17.307452397861223,7800,6907.294879156833
167386749396781.22,9.0145067353,29.94228772527086,7800,29525.5868283227
4413140229833.668,34.2467482098,49.46426607747197,3000,19401.574324613186
4089088149783.788,10.5960913687,61.678252387933306,1000,7709.943618544284
1048932948879.1835,13.7968573457,49.77439484516745,3000,8611.599284484704
9456296382788.697,8.9126146936,41.77535308195996,7800,15759.063299048195
5898583445086.647,8.4387922272,60.050651214148814,3000,10817.995411408654
470703825158.58813,11.2620190211,39.79952990288017,3000,6004.5545598721
66331692011364.086,23.2090832806,54.92657595937376,7800,44324.53281346876
85433160500.62459,14.5002208185,48.238768429028426,1000,3244.8000657652246
45577209075851.25,38.6625421625,17.095846319155584,3000,26925.844906490012
92410447976.5187,10.3671044695,68.306492536432,7800,5970.603562149163
8236089845242.037,11.695261199,69.67506976255203,7800,19544.408313068405
8046860507.357646,7.5612142616,79.72085481976691,1000,1423.6023027535987
648217983624.7938,11.8715917146,22.413560299484086,7800,7726.741433858714
890678718458.4894,0.2620367202,37.26977840919798,7800,1450.082242746316
123238875693.35767,0.9751526742,81.30696924535748,3000,1460.8970790681055
5354855150418.515,19.3496868971,84.72316462560437,3000,16748.58436176958
2106815344988.1414,26.0737807621,60.05422938015893,1000,10192.79118801064
179358133419.65756,5.4817999425,16.800902796324657,7800,3472.2268938775887
38614260989.076294,7.942214437,69.08434267664269,3000,3060.969220738284
67103894748.363106,14.113191695,34.12070445556112,3000,3952.5154750866586
18434292442.654125,4.8199381895,39.59615337847116,1000,1209.9117052839686
82741059086.82278,18.4104657856,33.031485322253516,7800,6479.101909623172
12126098050308.352,8.9770033531,52.11201667592427,7800,17808.232982318237
1142144560000.0977,24.5434511044,56.43493554376986,7800,16610.580513489553
1464606899102.6062,2.7025313666,24.93545824897175,7800,4673.852209327026
23212455040188.992,8.7477391498,61.91128413079572,7800,21460.04152047459
1591186463710.9841,14.226749966,42.34568964659064,7800,12799.050072066544
102241325888.79857,18.2649923061,47.25655467873499,1000,3789.2729750488547
32338589652303.92,10.987252057,34.3541639502684,7800,22513.345315899343
7074912541396.016,8.451442153,72.04540837902891,7800,16071.700262045752
